,gene,sequence
0,rpsT,MMRTFIKKVYAAIEAGDKAAAQKAFNEMQPIVDRQAAKGLIHKNKAARHKANLTAQINKLA
7,aceF,MAIEIKVPDIGADEVEITEILVKVGDKVEAEQSLITVEGDKASMEVPSPQAGIVKEIKVSVGDKTQTGALIMIFDSADGAADAAPAQAEEKKEAAPAAAPAAAAAKDVNVPDIGSDEVEVTEILVKVGDKVEAEQSLITVEGDKASMEVPAPFAGTVKEIKVNVGDKVSTGSLIMVFEVAGEAGAAAPAAKQEAAPAAAPAPAAGVKEVNVPDIGGDEVEVTEVMVKVGDKVAAEQSLITVEGDKASMEVPAPFAGVVKELKVNVGDKVKTGSLIMIFEVEGAAPAAAPAKQEAAAPAPAAKAEAPAAAPAAKAEGKSEFAENDAYVHATPLIRRLAREFGVNLAKVKGTGRKGRILREDVQAYVKEAIKRAEAAPAATGGGIPGMLPWPKVDFSKFGEIEEVELGRIQKISGANLSRNWVMIPHVTHFDKTDITELEAFRKQQNEEAAKRKLDVKITPVVFIMKAVAAALEQMPRFNSSLSEDGQRLTLKKYINIGVAVDTPNGLVVPVFKDVNKKGIIELSRELMTISKKARDGKLTAGEMQGGCFTISSIGGLGTTHFAPIVNAPEVAILGVSKSAMEPVWNGKEFVPRLMLPISLSFDHRVIDGADGARFITIINNTLSDIRRLVM
14,lpd,MTAGDKYIEVMMSTEIKTQVVVLGAGPAGYSAAFRCADLGLETVIVERYNTLGGVCLNVGCIPSKALLHVAKVIEEAKALAEHGIVFGEPKTDIDKIRTWKEKVINQLTGGLAGMAKGRKVKVVNGLGKFTGANTLEVEGENGKTVINFDNAIIAAGSRPIQLPFIPHEDPRIWDSTDALELKEVPERLLVMGGGIIGLEMGTVYHALGSQIDVVEMFDQVIPAADKDIVKVFTKRISKKFNLMLETKVTAVEAKEDGIYVTMEGKKAPAEPQRYDAVLVAIGRVPNGKNLDAGKAGVEVDDRGFIRVDKQLRTNVPHIFAIGDIVGQPMLAHKGVHEGHVAAEVIAGKKHYFDPKVIPSIAYTEPEVAWVGLTEKEAKEKGISYETATFPWAASGRAIASDCADGMTKLIFDKESHRVIGGAIVGTNGGELLGEIGLAIEMGCDAEDIALTIHAHPTLHESVGLAAEVFEGSITDLPNPKAKKK
21,erpA,MSDDVALPLEFTDAAANKVKSLIADEDNPNLKLRVYITGGGCSGFQYGFTFDDQVNEGDMTIEKQGVGLVVDPMSLQYLVGGSVDYTEGLEGSRFIVTNPNAKSTCGCGSSFSI
28,dapD,MQQLQNIIETAFERRAEITPANADTVTREAVNQVIALLDSGALRVAEKIDGQWVTHQWLKKAVLLSFRINDNQVIEGAESRYFDKVPMKFADYDEARFQKEGFRVVPPAAVRQGAFIARNTVLMPSYVNIGAYVDEGTMVDTWATVGSCAQIGKNVHLSGGVGIGGVLEPLQANPTIIEDNCFIGARSEVVEGVIVEEGSVISMGVYIGQSTRIYDRETGEIHYGRVPAGSVVVSGNLPSKDGKYSLYCAVIVKKVDAKTRGKVGINELLRTID
35,rpsB,MATVSMRDMLKAGVHFGHQTRYWNPKMKPFIFGARNKVHIINLEKTVPMFNEALAELNKIASRKGKILFVGTKRAASEAVKDAALSCDQFFVNHRWLGGMLTNWKTVRQSIKRLKDLETQSQDGTFDKLTKKEALMRTRELEKLENSLGGIKDMGGLPDALFVIDADHEHIAIKEANNLGIPVFAIVDTNSDPDGVDFVIPGNDDAIRAVTLYLGAVAATVREGRSQDLASQAEESFVEAE
42,tsf,MAEITASLVKELRERTGAGMMDCKKALTEANGDIELAIENMRKSGAIKAAKKAGNVAADGVIKTKIDGNYGIILEVNCQTDFVAKDAGFQAFADKVLDAAVAGKITDVEVLKAQFEEERVALVAKIGENINIRRVAALEGDVLGSYQHGARIGVLVAAKGADEELVKHIAMHVAASKPEFIKPEDVSAEVVEKEYQVQLDIAMQSGKPKEIAEKMVEGRMKKFTGEVSLTGQPFVMEPSKTVGQLLKEHNAEVTGFIRFEVGEGIEKVETDFAAEVAAMSKQS
49,frr,MISDIRKDAEVRMDKCVEAFKTQISKIRTGRASPSLLDGIVVEYYGTPTPLRQLASVTVEDSRTLKINVFDRSMSPAVEKAIMASDLGLNPNSAGSDIRVPLPPLTEERRKDLTKIVRGEAEQARVAVRNVRRDANDKVKALLKDKEISEDDDRRSQDDVQKLTDAAIKKIEAALADKEAELMQF
56,fabZ,MTTNTHTLQIEEILELLPHRFPFLLVDRVLDFEEGRFLRAVKNVSVNEPFFQGHFPGKPIFPGVLILEAMAQATGILAFKSVGKLEPGELYYFAGIDEARFKRPVVPGDQMIMEVTFEKTRRGLTRFKGVALVDGKVVCEATMMCARSREA
63,accA,MSLNFLDFEQPIAELEAKIDSLTAVSRQDEKLDINIDEEVHRLREKSVELTRKIFADLGAWQIAQLARHPQRPYTLDYVRLAFDEFDELAGDRAYADDKAIVGGIARLDGRPVMIIGHQKGRETKEKIRRNFGMPAPEGYRKALRLMQMAERFKMPIITFIDTPGAYPGVGAEERGQSEAIARNLREMSRLGVPVVCTVIGEGGSGGALAIGVGDKVNMLQYSTYSVISPEGCASILWKSADKAPLAAEAMGIIAPRLKELKLIDSIIPEPLGGAHRNPEAMAASLKAQLLADLADLDVLSTEDLKNRRYQRLMSYGYA
70,proS,MRTSQYLLSTLKETPADAEVISHQLMLRAGMIRKLASGLYTWLPTGVRVLKKVENIVREEMNNAGAIEVSMPVVQPADLWQESGRWEQYGPELLRFVDRGERPFVLGPTHEEVITDLIRNELSSYKQLPLNFYQIQTKFRDEVRPRFGVMRSREFLMKDAYSFHTSQESLQETYDAMYAAYSKIFSRMGLDFRAVQADTGSIGGSASHEFQVLAQSGEDDVVFSDTSDYAANIELAEAIAPKEPRAAATQEMTLVDTPNAKTIAELVEQFNLPIEKTVKTLLVKAVEGSSFPQVALLVRGDHELNEVKAEKLPQVASPLTFATEEEIRAVVKAGPGSLGPVNMPIPVVIDRTVAAMSDFAAGANIDGKHYFGINWDRDVATPEVADIRNVVAGDPSPDGQGRLLIKRGIEVGHIFQLGTKYSEALKASVQGEDGRNQILTMGCYGIGVTRVVAAAIEQNYDERGIVWPDAIAPFQVAILPMNMHKSFRVQELAEKLYSELRAQGIEVLLDDRKERPGVMFADMELIGIPHTIVLGDRNLDNDDIEYKYRRNGEKQLIKTGDIVEYLVKQIKG
77,ribE,MNIIEANVATPDARVAITIARFNNFINDSLLEGAIDALKRIGQVKDENITVVWVPGAYELPLAAGALAKTGKYDAVIALGTVIRGGTAHFEYVAGGASNGLAHVAQDSEIPVAFGVLTTESIEQAIERAGTKAGNKGAEAALTALEMINVLKAIKA
84,adk,MRIILLGAPGAGKGTQAQFIMEKYGIPQISTGDMLRAAVKSGSELGKQAKDIMDAGKLVTDELVIALVKERIAQEDCRNGFLLDGFPRTIPQADAMKEAGINVDYVLEFDVPDELIVDRIVGRRVHAPSGRVYHVKFNPPKVEGKDDVTGEELTTRKDDQEETVRKRLVEYHQMTAPLIGYYSKEAEAGNTKYAKVDGTKPVAEVRADLEKILG
91,lipA,MSKPIVMERGVKYRDADKMALIPVKNVATEREALLRKPEWMKIKLPADSTRIQGIKAAMRKNGLHSVCEEASCPNLAECFNHGTATFMILGAICTRRCPFCDVAHGRPVAPDANEPVKLAQTIADMALRYVVITSVDRDDLRDGGAQHFADCITAIREKSPQIKIETLVPDFRGRMDRALDILTATPPDVFNHNLENVPRIYRQVRPGADYNWSLKLLERFKEAHPEIPTKSGLMVGLGETNEEIIEVMRDLRRHGVTMLTLGQYLQPSRHHLPVQRYVSPDEFDEMKAEALAMGFTHAACGPFVRSSYHADLQAKGMEVK
98,fldA,MAITGIFFGSDTGNTENIAKMIQKQLGKDVADVHDIAKSSKEDLEAYDILLLGIPTWYYGEAQCDWDDFFPTLEEIDFNGKLVALFGCGDQEDYAEYFCDALGTIRDIIEPRGATIVGHWPTAGYHFEASKGLADDDHFVGLAIDEDRQPELTAERVEKWVKQISEELHLDEILNA
105,sucB,MSSVDILVPDLPESVADATVATWHKKPGDAVVRDEVLVEIETDKVVLEVPASADGILDAVLEDEGTTVTSRQILGRLREGNSAGKETSAKSEEKASTPAQRQQASLEEQNNDALSPAIRRLLAEHNLDASAIKGTGVGGRLTREDVEKHLAKAPAKESAPAAAAPAAQPALAARSEKRVPMTRLRKRVAERLLEAKNSTAMLTTFNEVNMKPIMDLRKQYGEAFEKRHGIRLGFMSFYVKAVVEALKRYPEVNASIDGDDVVYHNYFDVSMAVSTPRGLVTPVLRDVDTLGMADIEKKIKELAVKGRDGKLTVEDLTGGNFTITNGGVFGSLMSTPIINPPQSAILGMHAIKDRPMAVNGQVEILPMMYLALSYDHRLIDGRESVGFLVTIKELLEDPTRLLLDV
112,infA,MAKEDNIEMQGTVLETLPNTMFRVELENGHVVTAHISGKMRKNYIRILTGDKVTVELTPYDLSKGRIVFRSR
119,serS,MLDPNLLRNEPDAVAEKLARRGFKLDVDKLGALEERRKVLQVKTENLQAERNSRSKSIGQAKARGEDIEPLRLEVNKLGEELDAAKAELDALQAEIRDIALTIPNLPADEVPVGKDENDNVEVSRWGTPREFDFEVRDHVTLGEMHSGLDFAAAVKLTGSRFVVMKGQIARMHRALSQFMLDLHTEQHGYSENYVPYLVNQDTLYGTGQLPKFAGDLFHTRPLEEEADTSNYALIPTAEVPLTNLVRGEIIDEDDLPIKMTAHTPCFRSEAGSYGRDTRGLIRMHQFDKVEMVQIVRPEDSMAALEEMTGHAEKVLQLLGLPYRKIILCTGDMGFGACKTYDLEVWIPAQNTYREISSCSNVWDFQARRMQARCRSKSDKKTRLVHTLNGSGLAVGRTLVAVMENYQQADGRIEVPEVLRPYMNGLEYIG
126,rpsA,MTESFAQLFEESLKEIETRPGSIVRGVVVAIDKDVVLVDAGLKSESAIPAEQFKNAQGELEIQVGDEVDVALDAVEDGFGETLLSREKAKRHEAWITLEKAYEDAETVTGVINGKVKGGFTVELNGIRAFLPGSLVDVRPVRDTLHLEGKELEFKVIKLDQKRNNVVVSRRAVIESENSAERDQLLENLQEGMEVKGIVKNLTDYGAFVDLGGVDGLLHITDMAWKRVKHPSEIVNVGDEITVKVLKFDRERTRVSLGLKQLGEDPWVAIAKRYPEGTKLTGRVTNLTDYGCFVEIEEGVEGLVHVSEMDWTNKNIHPSKVVNVGDVVEVMVLDIDEERRRISLGLKQCKANPWQQFAETHNKGDRVEGKIKSITDFGIFIGLDGGIDGLVHLSDISWNVAGEEAVREYKKGDEIAAVVLQVDAERERISLGVKQLAEDPFNNWVALNKKGAIVTGKVTAVDAKGATVELADGVEGYLRASEASRDRVEDATLVLSVGDEVEAKFTGVDRKNRAISLSVRAKDEADEKDAIATVNKQEDANFSNNAMAEAFKAAKGE
133,asnS,MSVVPVADVLQGRVAVDSEVTVRGWVRTRRDSKAGISFLAVYDGSCFDPVQAVINNSLPNYNEDVLRLTTGCSVIVTGKVVASPGQGQQFEIQASKVEVAGWVEDPDTYPMAAKRHSIEYLREVAHLRPRTNLIGAVARVRHTLAQALHRFFNEQGFFWVSTPLITASDTEGAGEMFRVSTLDLENLPRNDQGKVDFDKDFFGKESFLTVSGQLNGETYACALSKIYTFGPTFRAENSNTSRHLAEFWMLEPEVAFANLNDIAGLAEAMLKYVFKAVLEERADDMKFFAERVDKDAVSRLERFIEADFAQVDYTDAVTILENCGRKFENPVYWGVDLSSEHERYLAEEHFKAPVVVKNYPKDIKAFYMRLNEDGKTVAAMDVLAPGIGEIIGGSQREERLDVLDERMLEMGLNKEDYWWYRDLRRYGTVPHSGFGLGFERLIAYVTGVQNVRDVIPFPRTPRNASF
140,fabA,MVDKRESYTKEDLLASGRGELFGAKGPQLPAPNMLMMDRVVKMTETGGNFDKGYVEAELDINPDLWFFGCHFIGDPVMPGCLGLDAMWQLVGFYLGWLGGEGKGRALGVGEVKFTGQVLPTAKKVTYRIHFKRIVNRRLIMGLADGEVLVDGRLIYTASDLKVGLFQDTSAF
147,rpmF,MAVQQNKPTRSKRGMRRSHDALTAVTSLSVDKTSGEKHLRHHITADGYYRGRKVIAK
154,fabD,MTQFAFVFPGQGSQTVGMLADMAASYPIVEETFAEASAALGYDLWALTQQGPAEELNKTWQTQPALLTASVALYRVWQQQGGKAPAMMAGHSLGEYSALVCAGVIDFADAVRLVEMRGKFMQEAVPEGTGAMAAIIGLDDASIAKACEEAAEGQVVSPVNFNSPGQVVIAGHKEAVERAGAACKAAGAKRALPLPVSVPSHCALMKPAADKLAVELAKITFNAPTVPVVNNVDVKCETNGDAIRDALVRQLYNPVQWTKSVEYMAAQGVEHLYEVGPGKVLTGLTKRIVDTLTASALNEPSAMAAALEL
161,fabG,MNFEGKIALVTGASRGIGRAIAETLAARGAKVIGTATSENGAQAISDYLGANGKGLMLNVTDPASIESVLEKIRAEFGEVDILVNNAGITRDNLLMRMKDEEWNDIIETNLSSVFRLSKAVMRAMMKKRHGRIITIGSVVGTMGNGGQANYAAAKAGLIGFSKSLAREVASRGITVNVVAPGFIETDMTRALSDDQRAGILAQVPAGRLGGAQEIANAVAFLASDEAAYITGETLHVNGGMYMV
168,acpP,MSTIEERVKKIIGEQLGVKQEEVTNNASFVEDLGADSLDTVELVMALEEEFDTEIPDEEAEKITTVQAAIDYINGHQA
175,prs,MPDMKLFAGNATPELAQRIANRLYTSLGDAAVGRFSDGEVSVQINENVRGGDIFIIQSTCAPTNDNLMELVVMVDALRRASAGRITAVIPYFGYARQDRRVRSARVPITAKVVADFLSSVGVDRVLTVDLHAEQIQGFFDVPVDNVFGSPILLEDMLQLNLDNPIVVSPDIGGVVRARAIAKLLNDTDMAIIDKRRPRANVSQVMHIIGDVAGRDCVLVDDMIDTGGTLCKAAEALKERGAKRVFAYATHPIFSGNAANNLRNSVIDEVVVCDTIPLSDEIKSLPNVRTLTLSGMLAEAIRRISNEESISAMFEH
182,fabI,MGFLSGKRILVTGVASKLSIAYGIAQAMHREGAELAFTYQNDKLKGRVEEFAAQLGSDIVLQCDVAEDASIDTMFAELGKVWPKFDGFVHSIGFAPGDQLDGDYVNAVTREGFKIAHDISSYSFVAMAKACRSMLNPGSALLTLSYLGAERAIPNYNVMGLAKASLEANVRYMANAMGPEGVRVNAISAGPIRTLAASGIKDFRKMLAHCEAVTPIRRTVTIEDVGNSAAFLCSDLSAGISGEVVHVDGGFSIAAMNELELK
189,ihfA,MALTKAEMSEYLFDKLGLSKRDAKELVELFFEEIRRALENGEQVKLSGFGNFDLRDKNQRPGRNPKTGEDIPITARRVVTFRPGQKLKSRVENASPKDE
196,rplT,MARVKRGVIARARHKKILKQAKGYYGARSRVYRVAFQAVIKAGQYAYRDRRQRKRQFRQLWIARINAAARQNGISYSKFINGLKKASVEIDRKILADIAVFDKVAFTALVEKAKAALA
203,rpmI,MPKIKTVRGAAKRFKKTGKGGFKHKHANLRHILTKKATKRKRHLRPKAMVSKGDLGLVIACLPYA
210,infC,MDYGKFLYEKSKSSKEQKKKQKVIQVKEIKFRPGTDEGDYQVKLRSLIRFLEEGDKAKITLRFRGREMAHQQIGMEVLNRVKDDLQELAVVESFPTKIEGRQMIMVLAPKKKQ
217,thrS,MPVITLPDGSQRHYDHAVSPMDVALDIGPGLAKACIAGRVNGELVDACDLIENDAQLSIITAKDEEGLEIIRHSCAHLLGHAIKQLWPHTKMAIGPVIDNGFYYDVDLDRTLTQEDVEALEKRMHELAEKNYDVIKKKVSWHEARETFANRGESYKVSILDENIAHDDKPGLYFHEEYVDMCRGPHVPNMRFCHHFKLMKTAGAYWRGDSNNKMLQRIYGTAWADKKALNAYLQRLEEAAKRDHRKIGKQLDLYHMQEEAPGMVFWHNDGWTIFRELEVFVRSKLKEYQYQEVKGPFMMDRVLWEKTGHWDNYKDAMFTTSSENREYCIKPMNCPGHVQIFNQGLKSYRDLPLRMAEFGSCHRNEPSGSLHGLMRVRGFTQDDAHIFCTEEQIRDEVNGCIRLVYDMYSTFGFEKIVVKLSTRPEKRIGSDEMWDRAEADLAVALEENNIPFEYQLGEGAFYGPKIEFTLYDCLDRAWQCGTVQLDFSLPSRLSASYVGEDNERKVPVMIHRAILGSMERFIGILTEEFAGFFPTWLAPVQVVIMNITDSQSEYVNELTQKLSNAGIRVKADLRNEKIGFKIREHTLRRVPYMLVCGDKEVESGKVAVRTRRGKDLGSMDVNEVIEKLQQEIRSRSLKQLEE
224,gapA,MTIKVGINGFGRIGRIVFRAAQKRSDIEIVAINDLLDADYMAYMLKYDSTHGRFDGTVEVKDGHLIVNGKKIRVTAERDPANLKWDEVGVDVVAEATGLFLTDETARKHITAGAKKVVMTGPSKDNTPMFVKGANFDKYAGQDIVSNASCTTNCLAPLAKVINDNFGIIEGLMTTVHATTATQKTVDGPSHKDWRGGRGASQNIIPSSTGAAKAVGKVLPELNGKLTGMAFRVPTPNVSVVDLTVRLEKAATYEQIKAAVKAAAEGEMKGVLGYTEDDVVSTDFNGEVCTSVFDAKAGIALNDNFVKLVSWYDNETGYSNKVLDLIAHISK
231,rplY,MFTINAEVRKEQGKGASRRLRAANKFPAIIYGGKEAPLAIELDHDKVMNMQAKAEFYSEVLTIVVDGKEIKVKAQDVQRHPYKPKLQHIDFVRA
238,fabB,MKRAVITGLGIVSSIGNNQQEVLASLREGRSGITFSQELKDSGMRSHVWGNVKLDTTGLIDRKVVRFMSDASIYAFLSMEQAIADAGLSPEAYQNNPRVGLIAGSGGGSPRFQVFGADAMRGPRGLKAVGPYVVTKAMASGVSACLATPFKIHGVNYSISSACATSAHCIGNAVEQIQLGKQDIVFAGGGEELCWEMACEFDAMGALSTKYNDTPEKASRTYDAHRDGFVIAGGGGMVVVEELEHALARGAHIYAEIVGYGATSDGADMVAPSGEGAVRCMKMAMHGVDTPIDYLNSHGTSTPVGDVKELAAIREVFGDKSPAISATKAMTGHSLGAAGVQEAIYSLLMLEHGFIAPSINIEELDEQAAGLNIVTETTDRELTTVMSNSFGFGGTNATLVMRKLKD
245,gltX,MKIKTRFAPSPTGYLHVGGARTALYSWLFARNHGGEFVLRIEDTDLERSTPEAIEAIMDGMNWLSLEWDEGPYYQTKRFDRYNAVIDQMLEEGTAYKCYCSKERLEALREEQMAKGEKPRYDGRCRHSHEHHADDEPCVVRFANPQEGSVVFDDQIRGPIEFSNQELDDLIIRRTDGSPTYNFCVVVDDWDMEITHVIRGEDHINNTPRQINILKALKAPVPVYAHVSMINGDDGKKLSKRHGAVSVMQYRDDGYLPEALLNYLVRLGWSHGDQEIFTREEMIKYFTLNAVSKSASAFNTDKLLWLNHHYINALPPEYVATHLQWHIEQENIDTRNGPQLADLVKLLGERCKTLKEMAQSCRYFYEDFAEFDADAAKKHLRPVARQPLEVVRDKLAAITDWTAENVHHAIQATADELEVGMGKVGMPLRVAVTGAGQSPALDVTVHAIGKTRSIERINKALDFIAERENQQ
252,ptsI,MISGILASPGIAFGKALLLKEDEIVIDRKKISADQVDQEVERFLSGRAKASAQLETIKTKAGETFGEEKEAIFEGHIMLLEDEELEQEIIALIKDKHMTADAAAHEVIEGQASALEELDDEYLKERAADVRDIGKRLLRNILGLKIIDLSAIQDEVILVAADLTPSETAQLNLKKVLGFITDAGGRTSHTSIMARSLELPAIVGTGSVTSQVKNDDYLILDAVNNQVYVNPTNEVIDKMRAVQEQVASEKAELAKLKDLPAITLDGHQVEVCANIGTVRDVEGAERNGAEGVGLYRTEFLFMDRDALPTEEEQFAAYKAVAEACGSQAVIVRTMDIGGDKELPYMNFPKEENPFLGWRAIRIAMDRREILRDQLRAILRASAFGKLRIMFPMIISVEEVRALRKEIEIYKQELRDEGKAFDESIEIGVMVETPAAATIARHLAKEVDFFSIGTNDLTQYTLAVDRGNDMISHLYQPMSPSVLNLIKQVIDASHAEGKWTGMCGELAGDERATLLLLGMGLDEFSMSAISIPRIKKIIRNTNFEDAKVLAEQALAQPTTDELMTLVNKFIEEKTIC
259,guaA,MTENIHKHRILILDFGSQYTQLVARRVRELGVYCELWAWDVTEAQIRDFNPSGIILSGGPESTTEENSPRAPQYVFEAGVPVFGVCYGMQTMAMQLGGHVEASNEREFGYAQVEVVNDSALVRGIEDALTADGKPLLDVWMSHGDKVTAIPSDFITVASTESCPFAIMANEEKRFYGVQFHPEVTHTRQGMRMLERFVRDICQCEALWTPAKIIDDAVARIREQVGDDKVILGLSGGVDSSVTAMLLHRAIGKNLTCVFVDNGLLRLNEAEQVLDMFGDHFGLNIVHVPAEDRFLSALAGENDPEAKRKIIGRVFVEVFDEEALKLEDVKWLAQGTIYPDVIESAASATGKAHVIKSHHNVGGLPKEMKMGLVEPLKELFKDEVRKIGLELGLPYDMLYRHPFPGPGLGVRVLGEVKKEYCDLLRRADAIFIEELRKADLYDKVSQAFTVFLPVRSVGVMGDGRKYDWVVSLRAVETIDFMTAHWAHLPYDFLGRVSNRIINEVNGISRVVYDISGKPPATIEWE
266,iscU,MAYSEKVIDHYENPRNVGSFDNNDENVGSGMVGAPACGDVMKLQIKVNDEGIIEDARFKTYGCGSAIASSSLVTEWVKGKSLDEAQAIKNTDIAEELELPPVKIHCSILAEDAIKAAIADYKSKREAK
273,iscS,MKLPIYLDYSATTPVDPRVAEKMMQFMTMDGTFGNPASRSHRFGWQAEEAVDIARNQIADLVGADPREIVFTSGATESDNLAIKGAANFYQKKGKHIITSKTEHKAVLDTCRQLEREGFEVTYLAPQRNGIIDLKELEAAMRDDTILVSIMHVNNEIGVVQDIAAIGEMCRARGIIYHVDATQSVGKLPIDLSQLKVDLMSFSGHKIYGPKGIGALYVRRKPRVRIEAQMHGGGHERGMRSGTLPVHQIVGMGEAYRIAKEEMATEMERLRGLRNRLWNGIKDIEEVYLNGDLEHGAPNILNVSFNYVEGESLIMALKDLAVSSGSACTSASLEPSYVLRALGLNDELAHSSIRFSLGRFTTEEEIDYTIELVRKSIGRLRDLSPLWEMYKQGVDLNSIEWAHH
280,suhB,MHPMLNIAVRAARKAGNLIAKNYETPDAVEASQKGSNDFVTNVDKAAEAVIIDTIRKSYPQHTIITEESGELEGTDQDVQWVIDPLDGTTNFIKRLPHFAVSIAVRIKGRTEVAVVYDPMRNELFTATRGQGAQLNGYRLRGSTARDLDGTILATGFPFKAKQYATTYINIVGKLFNECADFRRTGSAALDLAYVAAGRVDGFFEIGLRPWDFAAGELLVREAGGIVSDFTGGHNYMLTGNIVAGNPRVVKAMLANMRDELSDALKR
282,glyA,MLKREMNIADYDAELWQAMEQEKVRQEEHIELIASENYTSPRVMQAQGSQLTNKYAEGYPGKRYYGGCEYVDIVEQLAIDRAKELFGADYANVQPHSGSQANFAVYTALLEPGDTVLGMNLAHGGHLTHGSPVNFSGKLYNIVPYGIDATGHIDYADLEKQAKEHKPKMIIGGFSAYSGVVDWAKMREIADSIGAYLFVDMAHVAGLVAAGVYPNPVPHAHVVTTTTHKTLAGPRGGLILAKGGSEELYKKLNSAVFPGGQGGPLMHVIAGKAVALKEAMEPEFKTYQQQVAKNAKAMVEVFLERGYKVVSGGTDNHLFLVDLVDKNLTGKEADAALGRANITVNKNSVPNDPKSPFVTSGIRVGTPAITRRGFKEAEAKELAGWMCDVLDSINDEAVIERIKGKVLDICARYPVYA
289,rplS,MSNIIKQLEQEQMKQDVPSFRPGDTVEVKVWVVEGSKKRLQAFEGVVIAIRNRGLHSAFTVRKISNGEGVERVFQTHSPVVDSISVKRRGAVRKAKLYYLRERTGKAARIKERLN
296,rpsP,MVTIRLARHGAKKRPFYQVVVADSRNARNGRFIERVGFFNPIASEKEEGTRLDLDRIAHWVGQGATISDRVAALIKEVNKAA
303,grpE,MSSKEQKTPEGQAPEEIIMDQHEEIEAVEPEASAEQVDPRDEKVANLEAQLAEAQTRERDGILRVKAEMENLRRRTELDIEKAHKFALEKFINELLPVIDSLDRALEVADKANPDMSAMVEGIELTLKSMLDVVRKFGVEVIAETNVPLDPNVHQAIAMVESDDVAPGNVLGIMQKGYTLNGRTIRAAMVTVAKAKA
310,csrA,MLILTRRVGETLMIGDEVTVTVLGVKGNQVRIGVNAPKEVSVHREEIYQRIQAEKSQQSSY
317,eno,MSKIVKIIGREIIDSRGNPTVEAEVHLEGGFVGMAAAPSGASTGSREALELRDGDKSRFLGKGVTKAVAAVNGPIAQALIGKDAKDQAGIDKIMIDLDGTENKSKFGANAILAVSLANAKAAAAAKGMPLYEHIAELNGTPGKYSMPVPMMNIINGGEHADNNVDIQEFMIQPVGAKTVKEAIRMGSEVFHHLAKVLKAKGMNTAVGDEGGYAPNLGSNAEALAVIAEAVKAAGYELGKDITLAMDCAASEFYKDGKYVLAGEGNKAFTSEEFTHFLEELTKQYPIVSIEDGLDESDWDGFAYQTKVLGDKIQLVGDDLFVTNTKILKEGIEKGIANSILIKFNQIGSLTETLAAIKMAKDAGYTAVISHRSGETEDATIADLAVGTAAGQIKTGSMSRSDRVAKYNQLIRIEEALGEKAPYNGRKEIKGQA
324,pyrG,MTTNYIFVTGGVVSSLGKGIAAASLAAILEARGLNVTIMKLDPYINVDPGTMSPIQHGEVFVTEDGAETDLDLGHYERFIRTKMSRRNNFTTGRIYSDVLRKERRGDYLGATVQVIPHITNAIKERVLEGGEGHDVVLVEIGGTVGDIESLPFLEAIRQMAVEIGREHTLFMHLTLVPYMAASGEVKTKPTQHSVKELLSIGIQPDILICRSDRAVPANERAKIALFCNVPEKAVISLKDVDSIYKIPGLLKSQGLDDYICKRFSLNCPEANLSEWEQVIFEEANPVSEVTIGMVGKYIELPDAYKSVIEALKHGGLKNRVSVNIKLIDSQDVETRGVEILKGLDAILVPGGFGYRGVEGMITTARFARENNIPYLGICLGMQVALIDYARHVANMENANSTEFVPDCKYPVVALITEWRDENGNVEVRSEKSDLGGTMRLGAQQCQLVDDSLVRQLYNAPTIVERHRHRYEVNNMLLKQIEDAGLRVAGRSGDDQLVEIIEVPNHPWFVACQFHPEFTSTPRDGHPLFAGFVKAASEFQKRQAK
331,lysS,MSEQHAQGADAVVDLNNELKTRREKLANLREQGIAFPNDFRRDHTSDQLHAEFDGKENEELEALNIEVAVAGRMMTRRIMGKASFVTLQDVGGRIQLYVARDDLPEGVYNEQFKKWDLGDILGAKGKLFKTKTGELSIHCTELRLLTKALRPLPDKFHGLQDQEARYRQRYLDLISNDESRNTFKVRSQILSGIRQFMVNRGFMEVETPMMQVIPGGAAARPFITHHNALDLDMYLRIAPELYLKRLVVGGFERVFEINRNFRNEGISVRHNPEFTMMELYMAYADYKDLIELTESLFRTLAQDILGKTEVTYGDVTLDFGKPFEKLTMREAIKKYRPETDMADLDNFDSAKAIAESIGIHVEKSWGLGRIVTEIFEEVAEAHLIQPTFITEYPAEVSPLARRNDVNPEITDRFEFFIGGREIGNGFSELNDAEDQAQRFLDQVAAKDAGDDEAMFYDEDYVTALEHGLPPTAGLGIGIDRMVMLFTNSHTIRDVILFPAMRPVK
338,prfB,MKQGLEDVSGLLELAVEADDEETFNEAVAELDALEEKLAQLEFRRMFSGEYDSADCYLDIQAGSGGTEAQDWASMLERMYLRWAESRGFKTEIIEESEGEVAGIKSVTIKISGDYAYGWLRTETGVHRLVRKSPFDSGGRRHTSFSSAFVYPEVDDDIDIEINPADLRIDVYRTSGAGGQHVNRTESAVRITHIPTGIVTQCQNDRSQHKNKDQAMKQMKAKLYELEMQKKNAEKQAMEDNKSDIGWGSQIRSYVLDDSRIKDLRTGVETRNTQAVLDGSLDQFIEASLKAGL
345,fbaA,MSKIFDFVKPGVITGDDVQKVFQVAKENNFALPAVNCVGTDSINAVLETAAKVKAPVIVQFSNGGASFIAGKGVKSDVPQGAAILGAISGAHHVHQMAEHYGVPVILHTDHCAKKLLPWIDGLLDAGEKHFAATGKPLFSSHMIDLSEESLQENIEICSKYLERMSKIGMTLEIELGCTGGEEDGVDNSHMDASALYTQPEDVDYAYTELSKISPRFTIAASFGNVHGVYKPGNVVLTPTILRDSQEYVSKKHNLPHNSLNFVFHGGSGSTAQEIKDSVSYGVVKMNIDTDTQWATWEGVLNYYKANEAYLQGQLGNPKGEDQPNKKYYDPRVWLRAGQTSMIARLEKAFQELNAIDVL
352,pgk,MSVIKMTDLDLAGKRVFIRADLNVPVKDGKVTSDARIRASLPTIELALKQGAKVMVTSHLGRPTEGEYNEEFSLLPVVNYLKDKLSNPVRLVKDYLDGVDVAEGELVVLENVRFNKGEKKDDETLSKKYAALCDVFVMDAFGTAHRAQASTHGIGKFADVACAGPLLAAELDALGKALKEPARPMVAIVGGSKVSTKLTVLDSLSKIADQLIVGGGIANTFIAAQGHDVGKSLYEADLVDEAKRLLTTCNIPVPSDVRVATEFSETAPATLKSVNDVKADEQILDIGDASAQELAEILKNAKTILWNGPVGVFEFPNFRKGTEIVANAIADSEAFSIAGGGDTLAAIDLFGIADKISYISTGGGAFLEFVEGKVLPAVAMLEERAKK
359,tktA,MSSRKELANAIRALSMDAVQKAKSGHPGAPMGMADIAEVLWRDFLKHNPQNPSWADRDRFVLSNGHGSMLIYSLLHLTGYDLPMEELKNFRQLHSKTPGHPEVGYTAGVETTTGPLGQGIANAVGMAIAEKTLAAQFNRPGHDIVDHYTYAFMGDGCMMEGISHEVCSLAGTLKLGKLIAFYDDNGISIDGHVEGWFTDDTAMRFEAYGWHVIRDIDGHDAASIKRAVEEARAVTDKPSLLMCKTIIGFGSPNKAGTHDSHGAPLGDAEIALTREQLGWKYAPFEIPSEIYAQWDAKEAGQAKESAWNEKFAAYAKAYPQEAAEFTRRMKGEMPSDFDAKAKEFIAKLQANPAKIASRKASQNAIEAFGPLLPEFLGGSADLAPSNLTLWSGSKAINEDAAGNYIHYGVREFGMTAIANGISLHGGFLPYTSTFLMFVEYARNAVRMAALMKQRQVMVYTHDSIGLGEDGPTHQPVEQVASLRVTPNMSTWRPCDQVESAVAWKYGVERQDGPTALILSRQNLAQQERTEEQLANIARGGYVLKDCAGQPELIFIATGSEVELAVAAYEKLTAEGVKARVVSMPSTDAFDKQDAAYRESVLPKAVTARVAVEAGIADYWYKYVGLNGAIVGMTTFGESAPAELLFEEFGFTVDNVVAKAKELL
366,metK,MAKHLFTSESVSEGHPDKIADQISDAVLDAILEQDPKARVACETYVKTGMVLVGGEITTSAWVDIEEITRNTVREIGYVHSDMGFDANSCAVLSAIGKQSPDINQGVDRADPLEQGAGDQGLMFGYATNETDVLMPAPITYAHRLVQRQAEVRKNGTLPWLRPDAKSQVTFQYDDGKIVGIDAVVLSTQHSEEIDQKSLQEAVMEEIIKPILPAEWLTSATKFFINPTGRFVIGGPMGDCGLTGRKIIVDTYGGMARHGGGAFSGKDPSKVDRSAAYAARYVAKNIVAAGLADRCEIQVSYAIGVAEPTSIMVETFGTEKVPSEQLTLLVREFFDLRPYGLIQMLDLLHPIYKETAAYGHFGREHFPWEKTDKAQLLRDAAGLK
373,rpsU,MPVIKVRENEPFDVALRRFKRSCEKAGVLAEVRRREFYEKPTTERKRAKASAVKRHAKKLARENARRTRLY
380,rpoD,MEQNPQSQLKLLVTRGKEQGYLTYAEVNDHLPEDIVDSDQIEDIIQMINDMGIQVMEEAPDADDLMLAENTADEDAAEAAAQVLSSVESEIGRTTDPVRMYMREMGTVELLTREGEIDIAKRIEDGINQVQCSVAEYPEAITYLLEQYDRVEAEEARLSDLITGFVDPNAEEDLAPTATHVGSELSQEDLDDDEDEDEEDGDDDSADDDNSIDPELAREKFAELRAQYVVTRDTIKAKGRSHATAQEEILKLSEVFKQFRLVPKQFDYLVNSMRVMMDRVRTQERLIMKLCVEQCKMPKKNFITLFTGNETSDTWFNAAIAMNKPWSEKLHDVSEEVHRALQKLQQIEEETGLTIEQVKDINRRMSIGEAKARRAKKEMVEANLRLVISIAKKYTNRGLQFLDLIQEGNIGLMKAVDKFEYRRGYKFSTYATWWIRQAITRSIADQARTIRIPVHMIETINKLNRISRQMLQEMGREPTPEELAERMLMPEDKIRKVLKIAKEPISMETPIGDDEDSHLGDFIEDTTLELPLDSATTESLRAATHDVLAGLTAREAKVLRMRFGIDMNTDYTLEEVGKQFDVTRERIRQIEAKALRKLRHPSRSEVLRSFLDD
387,rpsO,MSLSTEATAKIVSEFGRDANDTGSTEVQVALLTAQINHLQGHFAEHKKDHHSRRGLLRMVSQRRKLLDYLKRKDVARYTQLIERLGLRR
394,infB,MTDVTIKTLAAERQTSVERLVQQFADAGIRKSADDSVSAQEKQTLIDHLNQKNSGPDKLTLQRKTRSTLNIPGTGGKSKSVQIEVRKKRTFVKRDPQEAERLAAEEQAQREAEEQARREAEESAKREAQQKAEREAAEQAKREAAEQAKREAAEKDKVSNQQDDMTKNAQAEKARREQEAAELKRKAEEEARRKLEEEARRVAEEARRMAEENKWTDNAEPTEDSSDYHVTTSQHARQAEDESDREVEGGRGRGRNAKAARPKKGNKHAESKADREEARAAVRGGKGGKRKGSSLQQGFQKPAQAVNRDVVIGETITVGELANKMAVKGSQVIKAMMKLGAMATINQVIDQETAQLVAEEMGHKVILRRENELEEAVMSDRDTGAAAEPRAPVVTIMGHVDHGKTSLLDYIRSTKVASGEAGGITQHIGAYHVETENGMITFLDTPGHAAFTSMRARGAQATDIVVLVVAADDGVMPQTIEAIQHAKAAQVPVVVAVNKIDKPEADPDRVKNELSQYGILPEEWGGESQFVHVSAKAGTGIDELLDAILLQAEVLELKAVRKGMASGAVIESFLDKGRGPVATVLVREGTLHKGDIVLCGFEYGRVRAMRNELGQEVLEAGPSIPVEILGLSGVPAAGDEVTVVRDEKKAREVALYRQGKFREVKLARQQKSKLENMFANMTEGEVHEVNIVLKADVQGSVEAISDSLLKLSTDEVKVKIIGSGVGGITETDATLAAASNAILVGFNVRADASARKVIEAESLDLRYYSVIYNLIDEVKAAMSGMLSPELKQQIIGLAEVRDVFKSPKFGAIAGCMVTEGVVKRHNPIRVLRDNVVIYEGELESLRRFKDDVNEVRNGMECGIGVKNYNDVRTGDVIEVFEIIEIQRTIA
401,nusA,MNKEILAVVEAVSNEKALPREKIFEALESALATATKKKYEQEIDVRVQIDRKSGDFDTFRRWLVVDEVTQPTKEITLEAARYEDESLNLGDYVEDQIESVTFDRITTQTAKQVIVQKVREAERAMVVDQFREHEGEIITGVVKKVNRDNISLDLGNNAEAVILREDMLPRENFRPGDRVRGVLYSVRPEARGAQLFVTRSKPEMLIELFRIEVPEIGEEVIEIKAAARDPGSRAKIAVKTNDKRIDPVGACVGMRGARVQAVSTELGGERIDIVLWDDNPAQFVINAMAPADVASIVVDEDKHTMDIAVEAGNLAQAIGRNGQNVRLASQLSGWELNVMTVDDLQAKHQAEAHAAIDTFTKYLDIDEDFATVLVEEGFSTLEELAYVPMKELLEIEGLDEPTVEALRERAKNALATIAQAQEESLGDNKPADDLLNLEGVDRDLAFKLAARGVCTLEDLAEQGIDDLADIEGLTDEKAGALIMAARNICWFGDEA
408,rpmA,MAHKKAGGSTRNGRDSEAKRLGVKRFGGESVLAGSIIVRQRGTKFHAGANVGCGRDHTLFAKADGKVKFEVKGPKNRKFISIEAE
415,rplU,MYAVFQSGGKQHRVSEGQTVRLEKLDIATGETVEFAEVLMIANGEEVKIGVPFVDGGVIKAEVVAHGRGEKVKIVKFRRRKHYRKQQGHRQWFTDVKITGISA
422,rpsI,MAENQYYGTGRRKSSAARVFIKPGNGKIVINQRSLEQYFGRETARMVVRQPLELVDMVEKLDLYITVKGGGISGQAGAIRHGITRALMEYDESLRSELRKAGFVTRDARQVERKKVGLRKARRRPQFSKR
429,rplM,MKTFTAKPETVKRDWYVVDATGKTLGRLATELARRLRGKHKAEYTPHVDTGDYIIVLNADKVAVTGNKRTDKVYYHHTGHIGGIKQATFEEMIARRPERVIEIAVKGMLPKGPLGRAMFRKLKVYAGNEHNHAAQQPQVLDI
436,mreB,MLKKFRGMFSNDLSIDLGTANTLIYVKGQGIVLNEPSVVAIRQDRAGSPKSVAAVGHDAKQMLGRTPGNIAAIRPMKDGVIADFFVTEKMLQHFIKQVHSNSFMRPSPRVLVCVPVGATQVERRAIRESAQGAGAREVFLIEEPMAAAIGAGLPVSEATGSMVVDIGGGTTEVAVISLNGVVYSSSVRIGGDRFDEAIINYVRRNYGSLIGEATAERIKHEIGSAYPGDEVREIEVRGRNLAEGVPRGFTLNSNEILEALQEPLTGIVSAVMVALEQCPPELASDISERGMVLTGGGALLRNLDRLLMEETGIPVVVAEDPLTCVARGGGKALEMIDMHGGDLFSEE
443,accB,MDIRKIKKLIELVEESGISELEISEGEESVRISRAAPAASFPVMQQAYAAPMMQQPAQSNAAAPATVPSMEAPAAAEISGHIVRSPMVGTFYRTPSPDAKAFIEVGQKVNVGDTLCIVEAMKMMNQIEADKSGTVKAILVESGQPVEFDEPLVVIE
450,accC,MLDKIVIANRGEIALRILRACKELGIKTVAVHSSADRDLKHVLLADETVCIGPAPSVKSYLNIPAIISAAEITGAVAIHPGYGFLSENANFAEQVERSGFIFIGPKAETIRLMGDKVSAIAAMKKAGVPCVPGSDGPLGDDMDKNRAIAKRIGYPVIIKASGGGGGRGMRVVRGDAELAQSISMTRAEAKAAFSNDMVYMEKYLENPRHVEIQVLADGQGNAIYLAERDCSMQRRHQKVVEEAPAPGITPELRRYIGERCAKACVDIGYRGAGTFEFLFENGEFYFIEMNTRIQVEHPVTEMITGVDLIKEQLRIAAGQPLSIKQEEVHVRGHAVECRINAEDPNTFLPSPGKITRFHAPGGFGVRWESHIYAGYTVPPYYDSMIGKLICYGENRDVAIARMKNALQELIIDGIKTNVDLQIRIMNDENFQHGGTNIHYLEKKLGLQEK
457,rplQ,MRHRKSGRQLNRNSSHRQAMFRNMAGSLVRHEIIKTTLPKAKELRRVVEPLITLAKTDSVANRRLAFARTRDNEIVAKLFNELGPRFASRAGGYTRILKCGFRAGDNAPMAYIELVDRSEKAEAAAE
464,rpoA,MQGSVTEFLKPRLVDIEQVSSTHAKVTLEPLERGFGHTLGNALRRILLSSMPGCAVTEVEIDGVLHEYSTKEGVQEDILEILLNLKGLAVRVQGKDEVILTLNKSGIGPVTAADITHDGDVEIVKPQHVICHLTDENASISMRIKVQRGRGYVPASTRIHSEEDERPIGRLLVDACYSPVERIAYNVEAARVEQRTDLDKLVIEMETNGTIDPEEAIRRAATILAEQLEAFVDLRDVRQPEVKEEKPEFDPILLRPVDDLELTVRSANCLKAEAIHYIGDLVQRTEVELLKTPNLGKKSLTEIKDVLASRGLSLGMRLENWPPASIADE
471,rpsD,MGPKLKLSRREGTDLFLKSGVRAIDTKCKIEQAPGQHGARKPRLSDYGVQLREKQKVRRIYGVLERQFRNYYKEAARLKGNTGENLLALLEGRLDNVVYRMGFGATRAEARQLVSHKAIMVNGRVVNIASYQVSPNDVVSIREKAKKQSRVKAALELAEQREKPTWLEVDAGKMEGTFKRKPERSDLSADINEHLIVELYSK
478,rpsK,MAKAPIRARKRVRKQVSDGVAHIHASFNNTIVTITDRQGNALGWATAGGSGFRGSRKSTPFAAQVAAERCADAVKEYGIKNLEVMVKGPGPGRESTIRALNAAGFRITNITDVTPIPHNGCRPPKKRRV
485,rpsM,MARIAGINIPDHKHAVIALTSIYGVGKTRSKAILAAAGIAEDVKISELSEGQIDTLRDEVAKFVVEGDLRREISMSIKRLMDLGCYRGLRHRRGLPVRGQRTKTNARTRKGPRKPIKK
492,rplO,MRLNTLSPAEGSKKAGKRLGRGIGSGLGKTGGRGHKGQKSRSGGGVRRGFEGGQMPLYRRLPKFGFTSRKAAITAEIRLSDLAKVEGGVVDLNTLKAANIIGIQIEFAKVILAGEVTTPVTVRGLRVTKGARAAIEAAGGKIEE
499,rpmD,MAKTIKITQTRSAIGRLPKHKATLLGLGLRRIGHTVEREDTPAIRGMINAVSFMVKVEE
506,rpsE,MAHIEKQAGELQEKLIAVNRVSKTVKGGRIFSFTALTVVGDGNGRVGFGYGKAREVPAAIQKAMEKARRNMINVALNNGTLQHPVKGVHTGSRVFMQPASEGTGIIAGGAMRAVLEVAGVHNVLAKAYGSTNPINVVRATIDGLENMNSPEMVAAKRGKSVEEILGK
513,rplR,MDKKSARIRRATRARRKLQELGATRLVVHRTPRHIYAQVIAPNGSEVLVAASTVEKAIAEQLKYTGNKDAAAAVGKAVAERALEKGIKDVSFDRSGFQYHGRVQALADAAREAGLQF
520,rplF,MSRVAKAPVVVPAGVDVKINGQVITIKGKNGELTRTLNDAVEVKHADNTLTFGPRDGYADGWAQAGTARALLNSMVIGVTEGFTKKLQLVGVGYRAAVKGNVINLSLGFSHPVDHQLPAGITAECPTQTEIVLKGADKQVIGQVAADLRAYRRPEPYKGKGVRYADEVVRTKEAKKK
527,rpsH,MSMQDPIADMLTRIRNGQAANKAAVTMPSSKLKVAIANVLKEEGFIEDFKVEGDTKPELELTLKYFQGKAVVESIQRVSRPGLRIYKRKDELPKVMAGLGIAVVSTSKGVMTDRAARQAGLGGEIICYVA
534,rpsN,MAKQSMKAREVKRVALADKYFAKRAELKAIISDVNASDEDRWNAVLKLQTLPRDSSPSRQRNRCRQTGRPHGFLRKFGLSRIKVREAAMRGEIPGLKKASW
541,rplE,MAKLHDYYKDEVVKKLMTEFNYNSVMQVPRVEKITLNMGVGEAIADKKLLDNAAADLAAISGQKPLITKARKSVAGFKIRQGYPIGCKVTLRGERMWEFFERLITIAVPRIRDFRGLSAKSFDGRGNYSMGVREQIIFPEIDYDKVDRVRGLDITITTTAKSDEEGRALLAAFDFPFRK
548,rplX,MAAKIRRDDEVIVLTGKDKGKRGKVKNVLSSGKVIVEGINLVKKHQKPVPALNQPGGIVEKEAAIQVSNVAIFNAATGKADRVGFRFEDGKKVRFFKSNSETIK
555,rplN,MLNVADNSGARRVMCIKVLGGSHRRYAGVGDIIKITIKEAIPRGKVKKGDVLKAVVVRTKKGVRRPDGSVIRFDGNACVLLNNNSEQPIGTRIFGPVTRELRSEKFMKIISLAPEVL
562,rpsQ,MTDKIRTLQGRVVSDKMEKSIVVAIERFVKHPIYGKFIKRTTKLHVHDENNECGIGDVVEIRECRPLSKTKSWTLVRVVEKAVL
569,rpmC,MKAKELREKSVEELNTELLNLLREQFNLRMQAASGQLQQSHLLKQVRRDVARVKTLLNEKAGA
576,rplP,MLQPKRTKFRKMHKGRNRGLAQGTDVSFGSFGLKAVGRGRLTARQIEAARRAMTRAVKRQGKIWIRVFPDKPITEKPLAVRMGKGKGNVEYWVALIQPGKVLYEMDGVPEELAREAFKLAAAKLPIKTTFVTKTVM
583,rpsC,MGQKVHPNGIRLGIVKPWNSTWFANTKEFADNLDSDFKVRQYLTKELAKASVSRIVIERPAKSIRVTIHTARPGIVIGKKGEDVEKLRKVVADIAGVPAQINIAEVRKPELDAKLVADSITSQLERRVMFRRAMKRAVQNAMRLGAKGIKVEVSGRLGGAEIARTEWYREGRVPLHTLRADIDYNTSEAHTTYGVIGVKVWIFKGEILGGMAAVEQPEKPAAQPKKQQRKGRK
590,rplV,METIAKHRHARSSAQKVRLVADLIRGKKVSQALDILTYTNKKAAVLVKKVLESAIANAEHNDGADIDDLKVTKIFVDEGPSMKRIMPRAKGRADRILKRTSHITVVVSDR
597,rpsS,MIGLTIAVHNGRQHVPVFVTDEMVGHKLGEFAPTRTYRGHAADKKAKKK
604,rplB,MAVVKCKPTSPGRRHVVKVVNPELHKGKPFAPLLEKNSKSGGRNNNGRITTRHIGGGHKQAYRIVDFKRNKDGIPAVVERLEYDPNRSANIALVLYKDGERRYILAPKGLKAGDQIQSGVDAAIKPGNTLPMRNIPVGSTVHNVEMKPGKGGQLARSAGTYVQIVARDGAYVTLRLRSGEMRKVEADCRATLGEVGNAEHMLRVLGKAGAARWRGVRPTVRGTAMNPVDHPHGGGEGRNFGKHPVTPWGVQTKGKKTRSNKRTDKFIVRRRSK
611,rplW,MIREERLLKVLRAPHVSEKASTAMEKSNTIVLKVAKDATKAEIKAAVQKLFEVEVEVVNTLVVKGKVKRHGQRIGRRSDWKKAYVTLKEGQNLDFVGGAE
618,rplD,MELVLKDAQSALTVSETTFGRDFNEALVHQVVVAYAAGARQGTRAQKTRAEVTGSGKKPWRQKGTGRARSGSIKSPIWRSGGVTFAARPQDHSQKVNKKMYRGALKSILSELVRQDRLIVVEKFSVEAPKTKLLAQKLKDMALEDVLIITGELDENLFLAARNLHKVDVRDATGIDPVSLIAFDKVVMTADAVKQVEEMLA
625,rplC,MIGLVGKKVGMTRIFTEDGVSIPVTVIEVEANRVTQVKDLANDGYRAIQVTTGAKKANRVTKPEAGHFAKAGVEAGRGLWEFRLAEGEEFTVGQSISVELFADVKKVDVTGTSKGKGFAGTVKRWNFRTQDATHGNSLSHRVPGSIGQNQTPGKVFKGKKMAGQMGNERVTVQSLDVVRVDAERNLLLVKGAVPGATGSDLIVKPAVKA
632,rpsJ,MQNQRIRIRLKAFDHRLIDQATAEIVETAKRTGAQVRGPIPLPTRKERFTVLISPHVNKDARDQYEIRTHLRLVDIVEPTEKTVDALMRLDLAAGVDVQISLG
634,fusA,MARTTPIARYRNIGISAHIDAGKTTTTERILFYTGVNHKIGEVHDGAATMDWMEQEQERGITITSAATTAFWSGMAKQYEPHRINIIDTPGHVDFTIEVERSMRVLDGAVMVYCAVGGVQPQSETVWRQANKYKVPRIAFVNKMDRMGANFLKVVNQIKTRLGANPVPLQLAIGAEEHFTGVVDLVKMKAINWNDADQGVTFEYEDIPADMVELANEWHQNLIESAAEASEELMEKYLGGEELTEAEIKGALRQRVLNNEIILVTCGSAFKNKGVQAMLDAVIDYLPSPVDVPAINGILDDGKDTPAERHASDDEPFSALAFKIATDPFVGNLTFFRVYSGVVNSGDTVLNSVKAARERFGRIVQMHANKREEIKEVRAGDIAAAIGLKDVTTGDTLCDPDAPIILERMEFPEPVISIAVEPKTKADQEKMGLALGRLAKEDPSFRVWTDEESNQTIIAGMGELHLDIIVDRMKREFNVEANVGKPQVAYRETIRQKVTDVEGKHAKQSGGRGQYGHVVIDMYPLEPGSNPKGYEFINDIKGGVIPGEYIPAVDKGIQEQLKAGPLAGYPVVDMGIRLHFGSYHDVDSSELAFKLAASIAFKEGFKKAKPVLLEPIMKVEVETPEENTGDVIGDLSRRRGMLKGQESEVTGVKIHAEVPLSEMFGYATQLRSLTKGRASYTMEFLKYDEAPSNVAQAVIEARGK
641,rpsG,MPRRRVIGQRKILPDPKFGSELLAKFVNILMVDGKKSTAESIVYSALETLAQRSGKSELEAFEVALENVRPTVEVKSRRVGGSTYQVPVEVRPVRRNALAMRWIVEAARKRGDKSMALRLANELSDAAENKGTAVKKREDVHRMAEANKAFAHYRWLSLRSFSHQAGASSKQPALGYLN
648,rpsL,MATVNQLVRKPRARKVAKSNVPALEACPQKRGVCTRVYTTTPKKPNSALRKVCRVRLTNGFEVTSYIGGEGHNLQEHSVILIRGGRVKDLPGVRYHTVRGALDCSGVKDRKQARSKYGVKRPKA
655,glyS,MSEKTFLVEIGTEELPPKALRSLAESFAANFTAELDNAGLAHGTVQWFAAPRRLALKVANLAEAQPDREIEKRGPAIAQAFDAEGKPSKAAEGWARGCGITVDQAERLTTDKGEWLLYRAHVKGESTEALLPNMVATSLAKLPIPKLMRWGASDVHFVRPVHTVTLLLGDKVIPATILGIQSDRVIRGHRFMGEPEFTIDNADQYPEILRERGKVIADYEERKAKIKADAEEAARKIGGNADLSESLLEEVASLVEWPVVLTAKFEEKFLAVPAEALVYTMKGDQKYFPVYANDGKLLPNFIFVANIESKDPQQIISGNEKVVRPRLADAEFFFNTDRKKRLEDNLPRLQTVLFQQQLGTLRDKTDRIQALAGWIAEQIGADVNHATRAGLLSKCDLMTNMVFEFTDTQGVMGMHYARHDGEAEDVAVALNEQYQPRFAGDDLPSNPVACALAIADKMDTLAGIFGIGQHPKGDKDPFALRRAALGVLRIIVEKNLNLDLQTLTEEAVRLYGDKLTNANVVDDVIDFMLGRFRAWYQDEGYTVDTIQAVLARRPTRPADFDARMKAVSHFRTLDAAAALAAANKRVSNILAKSDEVLSDRVNASTLKEPEEIKLAMQVVVLRDKLEPYFTEGRYQDALVELAELREPVDAFFDKVMVMVDDKELRINRLTMLEKLRELFLRVADISLLQ
662,glyQ,MQKFDTRTFQGLILTLQDYWARQGCTIVQPLDMEVGAGTSHPMTCLRELGPEPMAAAYVQPSRRPTDGRYGENPNRLQHYYQFQVVIKPSPDNIQELYLGSLKELGMDPTIHDIRFVEDNWENPTLGAWGLGWEVWLNGMEVTQFTYFQQVGGLECKPVTGEITYGLERLAMYIQGVDSVYDLVWSDGPLGKTTYGDVFHQNEVEQSTYNFEYADVDFLFTCFEQYEKEAQQLLALENPLPLPAYERILKAAHSFNLLDARKAISVTERQRYILRIRTLTKAVAEAYYASREALGFPMCNKDK
669,rpmB,MTGNNRSHALNATKRRFLPNLHSHRFWVESEKRFVTLRVSAKGMRVIDKKGIDTVLAELRARGEKY
676,rpmH,MKRTFQPSVLKRNRSHGFRARMATKNGRQVLARRRAKGRARLTVSK
683,rho,MNLTELKNTPVSELITLGENMGLENLARMRKQDIIFAILKQHAKSGEDIFGDGVLEILQDGFGFLRSADSSYLAGPDDIYVSPSQIRRFNLRTGDTISGKIRPPKEGERYFALLKVNEVNFDKPENARNKILFENLTPLHANSRLRMERGNGSTEDLTARVLDLASPIGRGQRGLIVAPPKAGKTMLLQNIAQSIAYNHPDCVLMVLLIDERPEEVTEMQRLVKGEVVASTFDEPASRHVQVAEMVIEKAKRLVEHKKDVIILLDSITRLARAYNTVVPASGKVLTGGVDANALHRPKRFFGAARNVEEGGSLTIIATALIDTGSKMDEVIYEEFKGTGNMELHLSRKIAEKRVFPAIDYNRSGTRKEELLTTQEELQKMWILRKIIHPMGEIDAMEFLINKLAMTKTNDDFFEMMKRS
690,secE,MSANTEAQGSGRGLEAMKWVVVVALLLVAIVGNYLYRDIMLPLRALAVVILIAAAGGVALLTTKGKATVAFAREARTEVRKVIWPTRQETLHTTLIVAAVTAVMSLILWGLDGILVRLVSFITGLRF
697,nusG,MSEAPKKRWYVVQAFSGFEGRVATSLREHIKLHNMEDLFGEVMVPTEEVVEIRGGQRRKSERKFFPGYVLVQMVMNDASWHLVRSVPRVMGFIGGTSDRPAPISDKEVDAIMNRLQQVGDKPRPKTLFEPGEMVRVNDGPFADFNGVVEEVDYEKSRLKVSVSIFGRATPVELDFSQVEKA
704,rplK,MAKKVQAYVKLQVAAGMANPSPPVGPALGQQGVNIMEFCKAFNAKTDSIEKGLPIPVVITVYADRSFTFVTKTPPAAVLLKKAAGIKSGSGKPNKDKVGKISRAQLQEIAQTKAADMTGADIEAMTRSIEGTARSMGLVVED
711,rplA,MAKLTKRMRVIREKVDATKQYDINEAIALLKELATAKFVESVDVAVNLGIDARKSDQNVRGATVLPHGTGRSVRVAVFTQGANAEAAKAAGAELVGMEDLADQIKKGEMNFDVVIASPDAMRVVGQLGQVLGPRGLMPNPKVGTVTPNVAEAVKNAKAGQVRYRNDKNGIIHTTIGKVDFDADKLKENLEALLVALKKAKPTQAKGVYIKKVSISTTMGAGVAVDQAGLSASVN
718,rplJ,MALNLQDKQAIVAEVSEVAKGALSAVVADSRGVTVDKMTELRKAGREAGVYMRVVRNTLLRRAVEGTPFECLKDAFVGPTLIAYSMEHPGAAARLFKEFAKANAKFEVKAAAFEGELIPASQIDRLATLPTYEEAIARLMATMKEASAGKLVRTLAAVRDAKEAA
725,rplL,MSITKDQIIEAVAAMSVMDVVELISAMEEKFGVSAAAAVAVAAGPVEAAEEKTEFDVILKAAGANKVAVIKAVRGATGLGLKEAKDLVESAPAALKEGVSKDDAEALKKALEEAGAEVEVK
732,rpoB,MVYSYTEKKRIRKDFGKRPQVLDVPYLLSIQLDSFQKFIEQDPEGQYGLEAAFRSVFPIQSYSGNSELQYVSYRLGEPVFDVQECQIRGVTYSAPLRVKLRLVIYEREAPEGTVKDIKEQEVYMGEIPLMTDNGTFVINGTERVIVSQLHRSPGVFFDSDKGKTHSSGKVLYNARIIPYRGSWLDFEFDPKDNLFVRIDRRRKLPATIILRALNYTTEQILDLFFEKVIFEIRDNKLQMELVPERLRGETASFDIEANGKVYVEKGRRITARHIRQLEKDDVKLIEVPVEYIAGKVVAKDYIDESTGELICAANMELSLDLLAKLSQSGHKRIETLFTNDLDHGPYISETLRVDPTNDRLSALVEIYRMMRPGEPPTREAAESLFENLFFSEDRYDLSAVGRMKFNRSLLREEIEGSGILSKDDIIDVMKKLIDIRNGKGEVDDIDHLGNRRIRSVGEMAENQFRVGLVRVERAVKERLSLGDLDTLMPQDMINAKPISAAVKEFFGSSQLSQFMDQNNPLSEITHKRRISALGPGGLTRERAGFEVRDVHPTHYGRVCPIETPEGPNIGLINSLSVYAQTNEYGFLETPYRKVTDGVVTDEIHYLSAIEEGNYVIAQANSNLDEEGHFVEDLVTCRSKGESSLFSRDQVDYMDVSTQQVVSVGASLIPFLEHDDANRALMGANMQRQAVPTLRADKPLVGTGMERAVAVDSGVTAVAKRGGVVQYVDASRIVIKVNEDEMYPGEAGIDIYNLTKYTRSNQNTCINQMPCVSLGEPVERGDVLADGPSTDLGELALGQNMRVAFMPWNGYNFEDSILVSERVVQEDRFTTIHIQELACVSRDTKLGPEEITADIPNVGEAALSKLDESGIVYIGAEVTGGDILVGKVTPKGETQLTPEEKLLRAIFGEKASDVKDSSLRVPNGVSGTVIDVQVFTRDGVEKDKRALEIEEMQLKQAKKDLSEELQILEAGLFSRIRAVLVAGGVEAEKLDKLPRDRWLELGLTDEEKQNQLEQLAEQYDELKHEFEKKLEAKRRKITQGDDLAPGVLKIVKVYLAVKRRIQPGDKMAGRHGNKGVISKINPIEDMPYDENGTPVDIVLNPLGVPSRMNIGQILETHLGMAAKGIGDKINAMLKQQQEVAKLREFIQRAYDLGADVRQKVDLSTFSDEEVMRLAENLRKGMPIATPVFDGAKEAEIKELLKLGDLPTSGQIRLYDGRTGEQFERPVTVGYMYMLKLNHLVDDKMHARSTGSYSLVTQQPLGGKAQFGGQRFGEMEVWALEAYGAAYTLQEMLTVKSDDVNGRTKMYKNIVDGNHQMEPGMPESFNVLLKEIRSLGINIELEDE
739,rpoC,MKDLLKFLKAQTKTEEFDAIKIALASPDMIRSWSFGEVKKPETINYRTFKPERDGLFCARIFGPVKDYECLCGKYKRLKHRGVICEKCGVEVTQTKVRRERMGHIELASPTAHIWFLKSLPSRIGLLLDMPLRDIERVLYFESYVVIEGGMTNLERQQILTEEQYLDALEEFGDEFDAKMGAEAIQALLKSMDLEQECEQLREELNETNSETKRKKLTKRIKLLEAFVQSGNKPEWMILTVLPVLPPDLRPLVPLDGGRFATSDLNDLYRRVINRNNRLKRLLDLAAPDIIVRNEKRMLQEAVDALLDNGRRGRAITGSNKRPLKSLADMIKGKQGRFRQNLLGKRVDYSGRSVITVGPYLRLHQCGLPKKMALELFKPFIYGKLELRGLATTIKAAKKMVEREEAVVWDILDEVIREHPVLLNRAPTLHRLGIQAFEPVLIEGKAIQLHPLVCAAYNADFDGDQMAVHVPLTLEAQLEARALMMSTNNILSPANGEPIIVPSQDVVLGLYYMTRDCVNAKGEGMVLTGPKEAERLYRSGLASLHARVKVRITEYEKDANGELVAKTSLKDTTVGRAILWMIVPKGLPYSIVNQALGKKAISKMLNTCYRILGLKPTVIFADQIMYTGFAYAARSGASVGIDDMVIPEKKHEIISEAEAEVAEIQEQFQSGLVTAGERYNKVIDIWAAANDRVSKAMMDNLQTETVINRDGQEEKQVSFNSIYMMADSGARGSAAQIRQLAGMRGLMAKPDGSIIETPITANFREGLNVLQYFISTHGARKGLADTALKTANSGYLTRRLVDVAQDLVVTEDDCGTHEGIMMTPVIEGGDVKEPLRDRVLGRVTAEDVLKPGTADILVPRNTLLHEQWCDLLEENSVDAVKVRSVVSCDTDFGVCAHCYGRDLARGHIINKGEAIGVIAAQSIGEPGTQLTMRTFHIGGAASRAAAESSIQVKNKGSIKLSNVKSVVNSSGKLVITSRNTELKLIDEFGRTKESYKVPYGAVLAKGDGEQVAGGETVANWDPHTMPVITEVSGFVRFTDMIDGQTITRQTDELTGLSSLVVLDSAERTAGGKDLRPALKIVDAQGNDVLIPGTDMPAQYFLPGKAIVQLEDGVQISSGDTLARIPQESGGTKDITGGLPRVADLFEARRPKEPAILAEISGIVSFGKETKGKRRLVITPVDGSDPYEEMIPKWRQLNVFEGERVERGDVISDGPEAPHDILRLRGVHAVTRYIVNEVQDVYRLQGVKINDKHIEVIVRQMLRKATIVNAGSSDFLEGEQVEYSRVKIANRELEANGKVGATYSRDLLGITKASLATESFISAASFQETTRVLTEAAVAGKRDELRGLKENVIVGRLIPAGTGYAYHQDRMRRRAAGEAPAAPQVTAEDASASLAELLNAGLGGSDNE
746,ssb,MASRGVNKVILVGNLGQDPEVRYMPNGGAVANITLATSESWRDKATGEMKEQTEWHRVVLFGKLAEVASEYLRKGSQVYIEGQLRTRKWTDQSGQDRYTTEVVVNVGGTMQMLGGRQGGGAPAGGNIGGGQPQGGWGQPQQPQGGNQFSGGAQSRPQQSAPAAPSNEPPMDFDDDIPF
753,groS,MNIRPLHDRVIVKRKEVETKSAGGIVLTGSAAAKSTRGEVLAVGNGRILENGEVKPLDVKVGDIVIFNDGYGVKSEKIDNEEVLIMSESDILAIVEA
760,groL,MAAKDVKFGNDARVKMLRGVNVLADAVKVTLGPKGRNVVLDKSFGAPTITKDGVSVAREIELEDKFENMGAQMVKEVASKANDAAGDGTTTATVLAQAIITEGLKAVAAGMNPMDLKRGIDKAVTAAVEELKALSVPCSDSKAIAQVGTISANSDETVGKLIAEAMDKVGKEGVITVEDGTGLQDELDVVEGMQFDRGYLSPYFINKPETGAVELESPFILLADKKISNIREMLPVLEAVAKAGKPLLIIAEDVEGEALATLVVNTMRGIVKVAAVKAPGFGDRRKAMLQDIATLTGGTVISEEIGMELEKATLEDLGQAKRVVINKDTTTIIDGVGEEAAIQGRVAQIRQQIEEATSDYDREKLQERVAKLAGGVAVIKVGAATEVEMKEKKARVEDALHATRAAVEEGVVAGGGVALIRVASKLADLRGQNEDQNVGIKVALRAMEAPLRQIVLNCGEEPSVVANTVKGGDGNYGYNAATEEYGNMIDMGILDPTKVTRSALQYAASVAGLMITTECMVTDLPKNDAADLGAAGGMGGMGGMGGMM
767,rpsF,MRHYEIVFMVHPDQSEQVPGMIERYTAAITGAEGKIHRLEDWGRRQLAYPINKLHKAHYVLMNVEAPQEVIDELETTFRFNDAVIRSMVMRTKHAVTEASPMVKAKDERRERRDDFANETADDAEAGDSEE
774,rpsR,MARYFRRRKFCRFTAEGVQEIDYKDIATLKNYITESGKIVPSRITGTRAKYQRQLARAIKRARYLSLLPYTDRHQ
781,ppa,MSLLNVPAGKDLPEDIYVVIEIPANADPIKYEIDKESGALFVDRFMSTAMFYPCNYGYINHTLSLDGDPVDVLVPTPYPLQPGSVIRCRPVGVLKMTDEAGEDAKLVAVPHSKLSKEYDHIKDVNDLPELLKAQIAHFFEHYKDLEKGKWVKVEGWENAEAAKAEIVASFERAKNK
